<?xml version="1.0" encoding="utf-8"?>
<install type="module" version="1.5.0">
    <!-- Name of the Module -->
        <name>Webfonts - Fonts.com web fonts</name> 
 
    <!-- Name of the Author -->
        <author>Ambitionality Software LLC</author> 
 
    <!-- Version Date of the Module -->
        <creationDate>2010-07-21</creationDate> 
 
    <!-- Copyright information -->
        <copyright>All rights reserved by Prabesh Shrestha.</copyright> 
 
    <!-- License Information -->
        <license>GPL</license> 
 
    <!-- Author's email address -->
        <authorEmail>info@ambitionality.com</authorEmail> 
 
    <!-- Author's website -->
        <authorUrl>www.ambitionality.com</authorUrl> 
 
    <!-- Module version number -->
        <version>1.0.0</version> 
 
    <!-- Description of what the module does -->
        <description>Provides a basic "Hello World" notice</description>
 
    <!-- Listing of all files that should be installed for the module to function -->
        <files>
        <!-- The "module" attribute signifies that this is the main controller file -->
                <filename module="mod_webfonts">mod_webfonts.php</filename>
                <filename>index.html</filename>
        </files>
 
    <!-- Optional parameters -->
        <params />
</install>
